[{"id":28,"title":"Chuy\u1ebfn Th\u0103m B\u1ea5t Ng\u1edd \u2013 The Surprise Visit","thoiluong":"120 ph\u00fat","description":"Chuy\u1ebfn Th\u0103m B\u1ea5t Ng\u1edd - The Surprise Visit, The Surprise Visit 2022 Full\r\nM\u1ed9t v\u1ee5 c\u01b0\u1edbp x\u1ea3y ra sai l\u1ea7m, khi\u1ebfn hai thanh ni\u00ean nghi\u1ec7n ma t\u00fay ph\u1ea3i \u0111\u1ee9ng tr\u01b0\u1edbc m\u1ed9t quy\u1ebft \u0111\u1ecbnh kh\u00f3 kh\u0103n: t\u1eeb b\u1ecf, ho\u1eb7c l\u00e0m \u0111i\u1ec1u kh\u00f4ng t\u01b0\u1edfng.","status":1,"image":"6222cc2d644f05910.jpg","slug":"chuyen-tham-bat-ngo-\u2013-the-surprise-visit","category_id":2,"thuocphim":"phimle","genre_id":7,"country_id":1,"phim_hot":1,"resolution":0,"name_eng":"The Surprise Visit","phude":0,"season":0,"ngaytao":"2022-04-01 22:38:18","ngaycapnhat":"2022-04-03 15:04:49","year":null,"tags":"Chuy\u1ebfn Th\u0103m B\u1ea5t Ng\u1edd - The Surprise Visit, The Surprise Visit 2022 Full\r\nM\u1ed9t v\u1ee5 c\u01b0\u1edbp x\u1ea3y ra sai l\u1ea7m, khi\u1ebfn hai thanh ni\u00ean nghi\u1ec7n ma t\u00fay ph\u1ea3i \u0111\u1ee9ng tr\u01b0\u1edbc m\u1ed9t quy\u1ebft \u0111\u1ecbnh kh\u00f3 kh\u0103n: t\u1eeb b\u1ecf, ho\u1eb7c l\u00e0m \u0111i\u1ec1u kh\u00f4ng t\u01b0\u1edfng.","topview":null,"trailer":"https:\/\/youtu.be\/2v4fIUF7jMo","sotap":1,"category":{"id":2,"title":"Phim L\u1ebb","description":"Phim l\u1ebb c\u1eadp nh\u1eadt h\u1eb1ng ng\u00e0y","status":1,"slug":"phim-le","position":1},"movie_genre":[{"id":3,"title":"H\u00e0i H\u01b0\u1edbc","description":"Phim h\u00e0i h\u01b0\u1edbc c\u1eadp nh\u1eadt h\u1eb1ng ng\u00e0y","status":1,"slug":"hai-huoc","pivot":{"movie_id":28,"genre_id":3}},{"id":5,"title":"Vi\u1ec5n T\u01b0\u1edfng","description":"Phim vi\u1ec5n t\u01b0\u1edfng c\u1eadp nh\u1eadt nhanh nh\u1ea5t","status":1,"slug":"vien-tuong","pivot":{"movie_id":28,"genre_id":5}},{"id":7,"title":"Kinh D\u1ecb","description":"Phim kinh d\u1ecb c\u1eadp nh\u1eadt nhanh nh\u1ea5t","status":1,"slug":"kinh-di","pivot":{"movie_id":28,"genre_id":7}}],"country":{"id":1,"title":"Vi\u1ec7t Nam","description":"Phim Vi\u1ec7t Nam c\u1eadp nh\u1eadt nhanh nh\u1ea5t","status":1,"slug":"viet-nam"},"genre":{"id":7,"title":"Kinh D\u1ecb","description":"Phim kinh d\u1ecb c\u1eadp nh\u1eadt nhanh nh\u1ea5t","status":1,"slug":"kinh-di"}},{"id":27,"title":"Moon Knight (Ph\u1ea7n 1) \u2013 Moon Knight (Season 1)","thoiluong":"50 ph\u00fat\/1 t\u1eadp","description":"Moon Knight (Ph\u1ea7n 1) - Moon Knight (Season 1), Moon Knight (Season 1) 2022 Season 1\r\nM\u1ed9t c\u1ef1u th\u1ee7y qu\u00e2n l\u1ee5c chi\u1ebfn Hoa K\u1ef3, \u0111ang v\u1eadt l\u1ed9n v\u1edbi ch\u1ee9ng r\u1ed1i lo\u1ea1n nh\u1eadn d\u1ea1ng ph\u00e2n ly, \u0111\u01b0\u1ee3c ban cho s\u1ee9c m\u1ea1nh c\u1ee7a m\u1ed9t v\u1ecb th\u1ea7n m\u1eb7t tr\u0103ng c\u1ee7a Ai C\u1eadp. Nh\u01b0ng anh \u1ea5y s\u1edbm ph\u00e1t hi\u1ec7n ra r\u1eb1ng nh\u1eefng s\u1ee9c m\u1ea1nh m\u1edbi \u0111\u01b0\u1ee3c t\u00ecm th\u1ea5y n\u00e0y c\u00f3 th\u1ec3 v\u1eeba l\u00e0 m\u1ed9t may m\u1eafn v\u1eeba l\u00e0 m\u1ed9t l\u1eddi nguy\u1ec1n cho cu\u1ed9c \u0111\u1eddi \u0111\u1ea7y r\u1eafc r\u1ed1i c\u1ee7a anh \u1ea5y.","status":1,"image":"62442caaf2a766055.jpg","slug":"moon-knight-phan-1-\u2013-moon-knight-season-1","category_id":4,"thuocphim":"phimbo","genre_id":8,"country_id":1,"phim_hot":1,"resolution":0,"name_eng":"Moon Knight","phude":0,"season":0,"ngaytao":"2022-03-31 17:36:02","ngaycapnhat":"2022-04-18 14:29:38","year":"2022","tags":"Moon Knight (Ph\u1ea7n 1) - Moon Knight (Season 1), Moon Knight (Season 1) 2022 Season 1","topview":null,"trailer":"https:\/\/youtu.be\/x7Krla_UxRg","sotap":6,"category":{"id":4,"title":"Phim B\u1ed9","description":"Phim b\u1ed9 c\u1eadp nh\u1eadt h\u1eb1ng ng\u00e0y","status":1,"slug":"phim-bo","position":5},"movie_genre":[{"id":1,"title":"H\u00e0nh \u0110\u1ed9ng","description":"Phim h\u00e0nh \u0111\u1ed9ng c\u1eadp nh\u1eadt nhanh nh\u1ea5t","status":1,"slug":"hanh-dong","pivot":{"movie_id":27,"genre_id":1}},{"id":3,"title":"H\u00e0i H\u01b0\u1edbc","description":"Phim h\u00e0i h\u01b0\u1edbc c\u1eadp nh\u1eadt h\u1eb1ng ng\u00e0y","status":1,"slug":"hai-huoc","pivot":{"movie_id":27,"genre_id":3}},{"id":4,"title":"L\u00e3ng M\u1ea1n","description":"Phim l\u00e3ng m\u1ea1n c\u1eadp nh\u1eadt nhanh nh\u1ea5t","status":1,"slug":"lang-man","pivot":{"movie_id":27,"genre_id":4}},{"id":5,"title":"Vi\u1ec5n T\u01b0\u1edfng","description":"Phim vi\u1ec5n t\u01b0\u1edfng c\u1eadp nh\u1eadt nhanh nh\u1ea5t","status":1,"slug":"vien-tuong","pivot":{"movie_id":27,"genre_id":5}},{"id":8,"title":"T\u00e2m L\u00fd","description":"Phim t\u00e2m l\u00fd c\u1eadp nh\u1eadt nhanh nh\u1ea5t","status":0,"slug":"tam-ly","pivot":{"movie_id":27,"genre_id":8}}],"country":{"id":1,"title":"Vi\u1ec7t Nam","description":"Phim Vi\u1ec7t Nam c\u1eadp nh\u1eadt nhanh nh\u1ea5t","status":1,"slug":"viet-nam"},"genre":{"id":8,"title":"T\u00e2m L\u00fd","description":"Phim t\u00e2m l\u00fd c\u1eadp nh\u1eadt nhanh nh\u1ea5t","status":0,"slug":"tam-ly"}},{"id":26,"title":"Phi V\u1ee5 \u0110en - \u00c1nh S\u00e1ng \u0110en","thoiluong":"108 ph\u00fat","description":"Phi V\u1ee5 \u0110en - \u00c1nh S\u00e1ng \u0110en Blacklight Travis Block, m\u1ed9t \u0111\u1eb7c v\u1ee5 ch\u00ednh ph\u1ee7 b\u00f3ng t\u1ed1i, ng\u01b0\u1eddi chuy\u00ean lo\u1ea1i b\u1ecf c\u00e1c \u0111\u1eb7c v\u1ee5 c\u00f3 v\u1ecf b\u1ecdc \u0111\u00e3 b\u1ecb v\u1ea1ch tr\u1ea7n, ph\u00e1t hi\u1ec7n ra m\u1ed9t \u00e2m m\u01b0u ch\u1ebft ng\u01b0\u1eddi trong h\u00e0ng ng\u0169 c\u1ee7a ch\u00ednh m\u00ecnh, nh\u1eefng ng\u01b0\u1eddi \u0111\u1ea1t \u0111\u1ebfn c\u00e1c c\u1ea5p cao nh\u1ea5t c\u1ee7a quy\u1ec1n l\u1ef1c.","status":1,"image":"poster_pvd_3_1_4315.jpg","slug":"phi-vu-den-anh-sang-den","category_id":9,"thuocphim":"phimle","genre_id":5,"country_id":2,"phim_hot":1,"resolution":5,"name_eng":"Blacklight (2022)","phude":0,"season":0,"ngaytao":"2022-03-24 08:54:29","ngaycapnhat":"2022-04-03 15:13:12","year":null,"tags":"Phi V\u1ee5 \u0110en - \u00c1nh S\u00e1ng \u0110en phimmoi.net, Phi V\u1ee5 \u0110en - \u00c1nh S\u00e1ng \u0110en full hd vietsub, xem phim Phi V\u1ee5 \u0110en - \u00c1nh S\u00e1ng \u0110en,phim Blacklight vietsub,Phi V\u1ee5 \u0110en - \u00c1nh S\u00e1ng \u0110en bilutv,bilutvzz,Phi V\u1ee5 \u0110en - \u00c1nh S\u00e1ng \u0110en phimmoi,phimmoizz,zphimmoi,phimmoii,phimmoiizz,ephimmoi,Phi V\u1ee5 \u0110en - \u00c1nh S\u00e1ng \u0110en motphim,Phi V\u1ee5 \u0110en - \u00c1nh S\u00e1ng \u0110en phimbathu,Phi V\u1ee5 \u0110en - \u00c1nh S\u00e1ng \u0110en khoaitv, bongngo,Blacklight xemphimplus,zingtv, hdonline, phim3s, xemphimgi, banhtv, Phi V\u1ee5 \u0110en - \u00c1nh S\u00e1ng \u0110en dongphim,dongphym,vtv16, vuviphim, vietsubtv, vtvgiaitri,Phi V\u1ee5 \u0110en - \u00c1nh S\u00e1ng \u0110en youtube,phimnhanh,tvhay,khophimle,viethd,vphim,Phi V\u1ee5 \u0110en - \u00c1nh S\u00e1ng \u0110en netflix,trangphim,Phi V\u1ee5 \u0110en - \u00c1nh S\u00e1ng \u0110en fullphim,ssphim,phimgi,phephimz,phim99,vuviphimtv,Phi V\u1ee5 \u0110en - \u00c1nh S\u00e1ng \u0110en motchill,bichill,,phim1080,luotphim,Phi V\u1ee5 \u0110en - \u00c1nh S\u00e1ng \u0110en phimmoiplus,Phi V\u1ee5 \u0110en - \u00c1nh S\u00e1ng \u0110en cam,Phi V\u1ee5 \u0110en - \u00c1nh S\u00e1ng \u0110en thuy\u1ebft minh,Phi V\u1ee5 \u0110en - \u00c1nh S\u00e1ng \u0110en ph\u1ee5 \u0111\u1ec1,Phi V\u1ee5 \u0110en - \u00c1nh S\u00e1ng \u0110en l\u1ed3ng ti\u1ebfng,t\u1ea3i phim Phi V\u1ee5 \u0110en - \u00c1nh S\u00e1ng \u0110en","topview":2,"trailer":"m7uGGw6rZxs","sotap":1,"category":{"id":9,"title":"Phim Chi\u1ebfu R\u1ea1p","description":"Phim chi\u1ebfu r\u1ea1p c\u1eadp nh\u1eadt nhanh nh\u1ea5t","status":1,"slug":"phim-chieu-rap","position":0},"movie_genre":[{"id":1,"title":"H\u00e0nh \u0110\u1ed9ng","description":"Phim h\u00e0nh \u0111\u1ed9ng c\u1eadp nh\u1eadt nhanh nh\u1ea5t","status":1,"slug":"hanh-dong","pivot":{"movie_id":26,"genre_id":1}},{"id":3,"title":"H\u00e0i H\u01b0\u1edbc","description":"Phim h\u00e0i h\u01b0\u1edbc c\u1eadp nh\u1eadt h\u1eb1ng ng\u00e0y","status":1,"slug":"hai-huoc","pivot":{"movie_id":26,"genre_id":3}},{"id":4,"title":"L\u00e3ng M\u1ea1n","description":"Phim l\u00e3ng m\u1ea1n c\u1eadp nh\u1eadt nhanh nh\u1ea5t","status":1,"slug":"lang-man","pivot":{"movie_id":26,"genre_id":4}},{"id":5,"title":"Vi\u1ec5n T\u01b0\u1edfng","description":"Phim vi\u1ec5n t\u01b0\u1edfng c\u1eadp nh\u1eadt nhanh nh\u1ea5t","status":1,"slug":"vien-tuong","pivot":{"movie_id":26,"genre_id":5}}],"country":{"id":2,"title":"M\u1ef9","description":"Phim M\u1ef9 c\u1eadp nh\u1eadt h\u1eb1ng ng\u00e0y","status":1,"slug":"my"},"genre":{"id":5,"title":"Vi\u1ec5n T\u01b0\u1edfng","description":"Phim vi\u1ec5n t\u01b0\u1edfng c\u1eadp nh\u1eadt nhanh nh\u1ea5t","status":1,"slug":"vien-tuong"}},{"id":25,"title":"Ch\u00fa Ch\u00f3 Lulu \u2013 Dog","thoiluong":"133 ph\u00fat","description":"Ch\u00fa Ch\u00f3 Lulu - Dog, Dog 2022 Full\r\nHai c\u1ef1u binh s\u0129 Bi\u1ec7t \u0111\u1ed9ng qu\u00e2n \u0111\u01b0\u1ee3c gh\u00e9p \u0111\u00f4i tr\u00e1i \u00fd mu\u1ed1n c\u1ee7a h\u1ecd trong chuy\u1ebfn \u0111i \u0111\u01b0\u1eddng \u0111\u1eddi. Briggs (Channing Tatum) v\u00e0 Lulu (m\u1ed9t ch\u00fa ch\u00f3 Malinois c\u1ee7a B\u1ec9) ch\u1ea1y \u0111ua xu\u1ed1ng B\u1edd bi\u1ec3n Th\u00e1i B\u00ecnh D\u01b0\u01a1ng \u0111\u1ec3 \u0111\u1ebfn d\u1ef1 \u0111\u00e1m tang c\u1ee7a m\u1ed9t ng\u01b0\u1eddi l\u00ednh \u0111\u00fang gi\u1edd.","status":1,"image":"62371f2a1d5772456.jpg","slug":"chu-cho-lulu-\u2013-dog","category_id":9,"thuocphim":"phimle","genre_id":4,"country_id":2,"phim_hot":1,"resolution":0,"name_eng":"Dog","phude":0,"season":0,"ngaytao":null,"ngaycapnhat":"2022-04-18 14:36:24","year":"2022","tags":"dongphim,dongphym,vtv16, vuviphim, vietsubtv, vtvgiaitri","topview":1,"trailer":"V4tAtp-TyzQ","sotap":1,"category":{"id":9,"title":"Phim Chi\u1ebfu R\u1ea1p","description":"Phim chi\u1ebfu r\u1ea1p c\u1eadp nh\u1eadt nhanh nh\u1ea5t","status":1,"slug":"phim-chieu-rap","position":0},"movie_genre":[{"id":1,"title":"H\u00e0nh \u0110\u1ed9ng","description":"Phim h\u00e0nh \u0111\u1ed9ng c\u1eadp nh\u1eadt nhanh nh\u1ea5t","status":1,"slug":"hanh-dong","pivot":{"movie_id":25,"genre_id":1}},{"id":3,"title":"H\u00e0i H\u01b0\u1edbc","description":"Phim h\u00e0i h\u01b0\u1edbc c\u1eadp nh\u1eadt h\u1eb1ng ng\u00e0y","status":1,"slug":"hai-huoc","pivot":{"movie_id":25,"genre_id":3}},{"id":4,"title":"L\u00e3ng M\u1ea1n","description":"Phim l\u00e3ng m\u1ea1n c\u1eadp nh\u1eadt nhanh nh\u1ea5t","status":1,"slug":"lang-man","pivot":{"movie_id":25,"genre_id":4}}],"country":{"id":2,"title":"M\u1ef9","description":"Phim M\u1ef9 c\u1eadp nh\u1eadt h\u1eb1ng ng\u00e0y","status":1,"slug":"my"},"genre":{"id":4,"title":"L\u00e3ng M\u1ea1n","description":"Phim l\u00e3ng m\u1ea1n c\u1eadp nh\u1eadt nhanh nh\u1ea5t","status":1,"slug":"lang-man"}},{"id":24,"title":"MA TR\u1eacN: H\u1ed2I SINH","thoiluong":null,"description":"Ma Tr\u1eadn: H\u1ed3i Sinh, The Matrix Resurrections 2021 HD Vietsub + TM\r\nMa Tr\u1eadn: H\u1ed3i Sinh - The Matrix Resurrections 2021 Quay Tr\u1edf L\u1ea1i M\u1ed9t Th\u1ebf Gi\u1edbi C\u1ee7a Hai Th\u1ef1c T\u1ea1i: M\u1ed9t, Cu\u1ed9c S\u1ed1ng H\u00e0ng Ng\u00e0y; Kh\u00e1c, Nh\u1eefng G\u00ec N\u1eb1m Sau N\u00f3. \u0110\u1ec3 T\u00ecm Hi\u1ec3u Xem Th\u1ef1c T\u1ebf C\u1ee7a Anh Ta C\u00f3 Ph\u1ea3i L\u00e0 M\u1ed9t C\u00f4ng Tr\u00ecnh Hay Kh\u00f4ng, \u0111\u1ec3 Th\u1ef1c S\u1ef1 Hi\u1ec3u R\u00f5 B\u1ea3n Th\u00e2n M\u00ecnh, Anh Anderson S\u1ebd Ph\u1ea3i Ch\u1ecdn Theo D\u00f5i Con Th\u1ecf Tr\u1eafng M\u1ed9t L\u1ea7n N\u1eefa. Ma Tr\u1eadn: H\u1ed3i Sinh l\u00e0 ph\u1ea7n phim ti\u1ebfp theo r\u1ea5t \u0111\u01b0\u1ee3c tr\u00f4ng \u0111\u1ee3i c\u1ee7a lo\u1ea1t phim \u201cMa Tr\u1eadn\u201d \u0111\u00ecnh \u0111\u00e1m, \u0111\u00e3 g\u00f3p ph\u1ea7n t\u00e1i \u0111\u1ecbnh ngh\u0129a th\u1ec3 lo\u1ea1i phim khoa h\u1ecdc vi\u1ec5n t\u01b0\u1edfng. Ph\u1ea7n phim m\u1edbi nh\u1ea5t n\u00e0y \u0111\u00f3n ch\u00e0o s\u1ef1 tr\u1edf l\u1ea1i c\u1ee7a c\u1eb7p \u0111\u00f4i Keanu Reeves v\u00e0 Carrie-Anne Moss v\u1edbi vai di\u1ec5n bi\u1ec3u t\u01b0\u1ee3ng \u0111\u00e3 l\u00e0m n\u00ean t\u00ean tu\u1ed5i c\u1ee7a h\u1ecd, Neo v\u00e0 Trinity. Ngo\u00e0i ra, phim c\u00f2n c\u00f3 s\u1ef1 g\u00f3p m\u1eb7t c\u1ee7a d\u00e0n di\u1ec5n vi\u00ean \u0111\u1ea7y t\u00e0i n\u0103ng g\u1ed3m Yahya Abdul-","status":1,"image":"61bfe08e7b5336675.jpg","slug":"ma-tran-hoi-sinh","category_id":9,"thuocphim":"phimle","genre_id":4,"country_id":9,"phim_hot":1,"resolution":2,"name_eng":"The Matrix Resurrections (2021)","phude":1,"season":0,"ngaytao":null,"ngaycapnhat":"2022-04-03 15:16:16","year":"2022","tags":null,"topview":1,"trailer":null,"sotap":1,"category":{"id":9,"title":"Phim Chi\u1ebfu R\u1ea1p","description":"Phim chi\u1ebfu r\u1ea1p c\u1eadp nh\u1eadt nhanh nh\u1ea5t","status":1,"slug":"phim-chieu-rap","position":0},"movie_genre":[{"id":1,"title":"H\u00e0nh \u0110\u1ed9ng","description":"Phim h\u00e0nh \u0111\u1ed9ng c\u1eadp nh\u1eadt nhanh nh\u1ea5t","status":1,"slug":"hanh-dong","pivot":{"movie_id":24,"genre_id":1}},{"id":3,"title":"H\u00e0i H\u01b0\u1edbc","description":"Phim h\u00e0i h\u01b0\u1edbc c\u1eadp nh\u1eadt h\u1eb1ng ng\u00e0y","status":1,"slug":"hai-huoc","pivot":{"movie_id":24,"genre_id":3}},{"id":4,"title":"L\u00e3ng M\u1ea1n","description":"Phim l\u00e3ng m\u1ea1n c\u1eadp nh\u1eadt nhanh nh\u1ea5t","status":1,"slug":"lang-man","pivot":{"movie_id":24,"genre_id":4}}],"country":{"id":9,"title":"Singapo","description":"phim singapo","status":1,"slug":"Singapo"},"genre":{"id":4,"title":"L\u00e3ng M\u1ea1n","description":"Phim l\u00e3ng m\u1ea1n c\u1eadp nh\u1eadt nhanh nh\u1ea5t","status":1,"slug":"lang-man"}},{"id":23,"title":"No Game, No Life (2015)","thoiluong":"50 ph\u00fat\/1 t\u1eadp","description":"gdhh gh\u0111heh hhhhh fgdhdfhdh fhdhdhd fgdfd dfdfdhs dgdgd dggrgr grdggd rted","status":1,"image":"nogame9061.jpg","slug":"no-game-no-life-2015","category_id":11,"thuocphim":"phimle","genre_id":3,"country_id":3,"phim_hot":1,"resolution":5,"name_eng":"No Game, No Life (2015)","phude":0,"season":0,"ngaytao":null,"ngaycapnhat":"2022-04-03 15:56:54","year":"2022","tags":null,"topview":0,"trailer":"quj8sK3Phh8","sotap":1,"category":{"id":11,"title":"Phim Thuy\u1ebft Minh","description":"Phim thuy\u1ebft minh m\u1edbi nh\u1ea5t","status":1,"slug":"phim-thuyet-minh","position":3},"movie_genre":[{"id":1,"title":"H\u00e0nh \u0110\u1ed9ng","description":"Phim h\u00e0nh \u0111\u1ed9ng c\u1eadp nh\u1eadt nhanh nh\u1ea5t","status":1,"slug":"hanh-dong","pivot":{"movie_id":23,"genre_id":1}},{"id":3,"title":"H\u00e0i H\u01b0\u1edbc","description":"Phim h\u00e0i h\u01b0\u1edbc c\u1eadp nh\u1eadt h\u1eb1ng ng\u00e0y","status":1,"slug":"hai-huoc","pivot":{"movie_id":23,"genre_id":3}}],"country":{"id":3,"title":"Anh","description":"Phim Anh c\u1eadp nh\u1eadt nhanh nh\u1ea5t","status":1,"slug":"anh"},"genre":{"id":3,"title":"H\u00e0i H\u01b0\u1edbc","description":"Phim h\u00e0i h\u01b0\u1edbc c\u1eadp nh\u1eadt h\u1eb1ng ng\u00e0y","status":1,"slug":"hai-huoc"}},{"id":22,"title":"D4DJ: FIRST MIX","thoiluong":"50 ph\u00fat\/1 t\u1eadp","description":"D4DJ: First Mix, D4DJ First Mix, Dig Delight Direct Drive DJ 2020 T\u1eadp 11 Anime HD Vietsub\r\nD4DJ: First Mix, D4DJ First Mix, Dig Delight Direct Drive DJ 2020 Anime","status":1,"image":"d4dj-first-mix-61500-thumbnail6547.jpg","slug":"d4dj-first-mix","category_id":5,"thuocphim":"phimbo","genre_id":3,"country_id":4,"phim_hot":1,"resolution":5,"name_eng":"D4DJ First Mix, Dig Delight Direct Drive DJ (2020)","phude":1,"season":0,"ngaytao":null,"ngaycapnhat":"2022-04-06 20:55:34","year":"2019","tags":null,"topview":0,"trailer":"2v4fIUF7jMo","sotap":1,"category":{"id":5,"title":"Phim Ho\u1ea1t H\u00ecnh","description":"Phim ho\u1ea1t h\u00ecnh c\u1eadp nh\u1eadt nhanh nh\u1ea5t","status":1,"slug":"phim-hoat-hinh","position":4},"movie_genre":[{"id":1,"title":"H\u00e0nh \u0110\u1ed9ng","description":"Phim h\u00e0nh \u0111\u1ed9ng c\u1eadp nh\u1eadt nhanh nh\u1ea5t","status":1,"slug":"hanh-dong","pivot":{"movie_id":22,"genre_id":1}},{"id":3,"title":"H\u00e0i H\u01b0\u1edbc","description":"Phim h\u00e0i h\u01b0\u1edbc c\u1eadp nh\u1eadt h\u1eb1ng ng\u00e0y","status":1,"slug":"hai-huoc","pivot":{"movie_id":22,"genre_id":3}}],"country":{"id":4,"title":"Nh\u1eadt B\u1ea3n","description":"Phim Nh\u1eadt B\u1ea3n c\u1eadp nh\u1eadt nhanh nh\u1ea5t","status":1,"slug":"nhat-ban"},"genre":{"id":3,"title":"H\u00e0i H\u01b0\u1edbc","description":"Phim h\u00e0i h\u01b0\u1edbc c\u1eadp nh\u1eadt h\u1eb1ng ng\u00e0y","status":1,"slug":"hai-huoc"}},{"id":20,"title":"One Punch Man","thoiluong":"","description":"one punch man c Gia, Superman\/Batman: Public Enemies 2009 T\u1eadp HD Vietsub Superman\/Batman: Public Enemies l\u00e0 b\u1ed9 phim ho\u1ea1t h\u00ecnh v\u1ec1 Ng\u01b0\u1eddi D\u01a1i v\u00e0 Si\u00eau Nh\u00e2n. Trong ph\u1ea7n n\u00e0y, n\u00f3i v\u1ec1 cu\u1ed9c chi\u1ebfn c\u1ee7a h\u1ecd khi Lex Luthor \u0111\u01b0\u1ee3c b\u1ea7u l\u00e0m T\u1ed5ng th\u1ed1ng M\u1ef9, \u00f4ng \u0111","status":1,"image":"thoi-dai-ma-phap6341.jpg","slug":"one-punch-man","category_id":4,"thuocphim":"phimbo","genre_id":6,"country_id":5,"phim_hot":1,"resolution":0,"name_eng":"one-punch-man","phude":0,"season":0,"ngaytao":null,"ngaycapnhat":null,"year":null,"tags":null,"topview":null,"trailer":null,"sotap":1,"category":{"id":4,"title":"Phim B\u1ed9","description":"Phim b\u1ed9 c\u1eadp nh\u1eadt h\u1eb1ng ng\u00e0y","status":1,"slug":"phim-bo","position":5},"movie_genre":[],"country":{"id":5,"title":"H\u00e0n Qu\u1ed1c","description":"Phim H\u00e0n Qu\u1ed1c c\u1eadp nh\u1eadt nhanh nh\u1ea5t","status":1,"slug":"han-quoc"},"genre":{"id":6,"title":"V\u00f5 Thu\u1eadt","description":"Phim v\u00f5 thu\u1eadt c\u1eadp nh\u1eadt nhanh nh\u1ea5t","status":1,"slug":"vo-thuat"}},{"id":19,"title":"HUY\u1ec0N THO\u1ea0I GAME TH\u1ee6","thoiluong":"","description":"Huy\u1ec1n Tho\u1ea1i Game Th\u1ee7, No Game, No Life 2015 T\u1eadp 12 \/ 12 HD Vietsub\r\nHai anh em Sora & Shiro t\u1ea1o n\u00ean huy\u1ec1n tho\u1ea1i game th\u1ee7 v\u1edbi th\u00e0nh t\u00edch qu\u00e1n qu\u00e2n trong t\u1ea5t c\u1ea3 b\u1ea3ng x\u1ebfp h\u1ea1ng game d\u01b0\u1edbi c\u00e1i t\u00ean Kuhaku hay c\u00f2n \u0111\u01b0\u1ee3c g\u1ecdi l\u00e0 Blank. B\u01b0\u1edbc ra kh\u1ecfi th\u1ebf gi\u1edbi \u1ea3o, h\u1ecd l\u00e0 nh\u1eefng NEET ch\u00ednh hi\u1ec7u, kh\u00f4ng vi\u1ec7c l\u00e0m, kh\u00f4ng \u0103n h\u1ecdc, c\u00e1ch ly v\u00e0 s\u1ee3 ti\u1ebfp x\u00fac v\u1edbi b\u00ean ngo\u00e0i, lu\u00f4n ngh\u0129 m\u00ecnh sinh nh\u1ea7m th\u1ebf gi\u1edbi. M\u1ed9t ng\u00e0y n\u1ecd, c\u00f3 1 t\u00ean k\u00ec l\u1ea1 t\u1ef1 cho m\u00ecnh l\u00e0 th\u1ea7n (T\u00ean: Tet, l\u00e0 1 v\u1ecb th\u1ea7n t\u1ed1i cao) \u0111\u00e3 h\u1ecfi 1 c\u00e2u h\u1ecfi k\u00ec l\u1ea1 \"2 ng\u01b0\u1eddi mu\u1ed1n v\u00e0o 1 th\u1ebf gi\u1edbi ch\u1ec9 \u0111\u1ecbnh \u0111o\u1ea1t b\u1eb1ng game? n\u1ebfu n\u00f3 th\u1ef1c s\u1ef1 t\u1ed3n t\u1ea1i? \" v\u00e0 \u0111\u01b0a 2 anh em \u0111\u01b0\u1ee3c \u0111\u01b0a t\u1edbi m\u1ed9t th\u1ebf gi\u1edbi kh\u00e1c - m\u1ed9t n\u01a1i m\u00e0 m\u1ecdi th\u1ee9 \u0111\u1ec1u \u0111\u01b0\u1ee3c quy\u1ebft \u0111\u1ecbnh b\u1edfi game, t\u1eeb c\u00e1c d\u1ee5ng c\u1ee5, ti\u1ec1n t\u1ec7, qu\u1ed1c gia th\u1eadm ch\u00ed l\u00e0 c\u1ea3 m\u1ea1ng s\u1ed1ng \u0111\u1ec1u quy\u1ebft \u0111\u1ecbnh qua game. Khi t\u1edbi \u0111\u00e2y m\u1ee5c ti\u00eau duy nh\u1ea5t c\u1ee7a 2 anh em h\u1ecd ch\u1ec9 l\u00e0: \u0111\u00e1nh b\u1ea1i 16 t\u1ed9c -\u0111o\u1ea1t l\u1ea5y qu\u00e2n c\u1edd ch\u1ee7ng t\u1ed9c (l\u00e0 th\u1ee9 c\u1ed1t l\u00f5i c\u1ee7a 1 qu\u1ed1c gia n\u01a1i \u0111\u00e2y) \u0111\u1ec3 th\u00e1ch \u0111\u1ea5u v\u1edbi Tet.","status":1,"image":"huyen-thoai-game-thu-60196-thumbnail4006.jpg","slug":"huyen-thoai-game-thu","category_id":4,"thuocphim":"phimle","genre_id":4,"country_id":7,"phim_hot":1,"resolution":0,"name_eng":"No Game, No Life","phude":0,"season":0,"ngaytao":null,"ngaycapnhat":null,"year":null,"tags":null,"topview":null,"trailer":null,"sotap":1,"category":{"id":4,"title":"Phim B\u1ed9","description":"Phim b\u1ed9 c\u1eadp nh\u1eadt h\u1eb1ng ng\u00e0y","status":1,"slug":"phim-bo","position":5},"movie_genre":[],"country":{"id":7,"title":"Th\u00e1i Lan","description":"Phim Th\u00e1i Lan c\u1eadp nh\u1eadt nhanh nh\u1ea5t","status":1,"slug":"Th\u00e1i Lan"},"genre":{"id":4,"title":"L\u00e3ng M\u1ea1n","description":"Phim l\u00e3ng m\u1ea1n c\u1eadp nh\u1eadt nhanh nh\u1ea5t","status":1,"slug":"lang-man"}},{"id":18,"title":"HUY\u1ec0N THO\u1ea0I GAME TH\u1ee6","thoiluong":"","description":"Huy\u1ec1n Tho\u1ea1i Game Th\u1ee7, No Game, No Life 2015 T\u1eadp 12 \/ 12 HD Vietsub\r\nHai anh em Sora & Shiro t\u1ea1o n\u00ean huy\u1ec1n tho\u1ea1i game th\u1ee7 v\u1edbi th\u00e0nh t\u00edch qu\u00e1n qu\u00e2n trong t\u1ea5t c\u1ea3 b\u1ea3ng x\u1ebfp h\u1ea1ng game d\u01b0\u1edbi c\u00e1i t\u00ean Kuhaku hay c\u00f2n \u0111\u01b0\u1ee3c g\u1ecdi l\u00e0 Blank. B\u01b0\u1edbc ra kh\u1ecfi th\u1ebf gi\u1edbi \u1ea3o, h\u1ecd l\u00e0 nh\u1eefng NEET ch\u00ednh hi\u1ec7u, kh\u00f4ng vi\u1ec7c l\u00e0m, kh\u00f4ng \u0103n h\u1ecdc, c\u00e1ch ly v\u00e0 s\u1ee3 ti\u1ebfp x\u00fac v\u1edbi b\u00ean ngo\u00e0i, lu\u00f4n ngh\u0129 m\u00ecnh sinh nh\u1ea7m th\u1ebf gi\u1edbi. M\u1ed9t ng\u00e0y n\u1ecd, c\u00f3 1 t\u00ean k\u00ec l\u1ea1 t\u1ef1 cho m\u00ecnh l\u00e0 th\u1ea7n (T\u00ean: Tet, l\u00e0 1 v\u1ecb th\u1ea7n t\u1ed1i cao) \u0111\u00e3 h\u1ecfi 1 c\u00e2u h\u1ecfi k\u00ec l\u1ea1 \"2 ng\u01b0\u1eddi mu\u1ed1n v\u00e0o 1 th\u1ebf gi\u1edbi ch\u1ec9 \u0111\u1ecbnh \u0111o\u1ea1t b\u1eb1ng game? n\u1ebfu n\u00f3 th\u1ef1c s\u1ef1 t\u1ed3n t\u1ea1i? \" v\u00e0 \u0111\u01b0a 2 anh em \u0111\u01b0\u1ee3c \u0111\u01b0a t\u1edbi m\u1ed9t th\u1ebf gi\u1edbi kh\u00e1c - m\u1ed9t n\u01a1i m\u00e0 m\u1ecdi th\u1ee9 \u0111\u1ec1u \u0111\u01b0\u1ee3c quy\u1ebft \u0111\u1ecbnh b\u1edfi game, t\u1eeb c\u00e1c d\u1ee5ng c\u1ee5, ti\u1ec1n t\u1ec7, qu\u1ed1c gia th\u1eadm ch\u00ed l\u00e0 c\u1ea3 m\u1ea1ng s\u1ed1ng \u0111\u1ec1u quy\u1ebft \u0111\u1ecbnh qua game. Khi t\u1edbi \u0111\u00e2y m\u1ee5c ti\u00eau duy nh\u1ea5t c\u1ee7a 2 anh em h\u1ecd ch\u1ec9 l\u00e0: \u0111\u00e1nh b\u1ea1i 16 t\u1ed9c -\u0111o\u1ea1t l\u1ea5y qu\u00e2n c\u1edd ch\u1ee7ng t\u1ed9c (l\u00e0 th\u1ee9 c\u1ed1t l\u00f5i c\u1ee7a 1 qu\u1ed1c gia n\u01a1i \u0111\u00e2y) \u0111\u1ec3 th\u00e1ch \u0111\u1ea5u v\u1edbi Tet.","status":1,"image":"huyen-thoai-game-thu-60196-thumbnail4006.jpg","slug":"huyen-thoai-game-thu","category_id":2,"thuocphim":"phimbo","genre_id":1,"country_id":1,"phim_hot":1,"resolution":0,"name_eng":"","phude":0,"season":0,"ngaytao":null,"ngaycapnhat":null,"year":null,"tags":null,"topview":null,"trailer":null,"sotap":0,"category":{"id":2,"title":"Phim L\u1ebb","description":"Phim l\u1ebb c\u1eadp nh\u1eadt h\u1eb1ng ng\u00e0y","status":1,"slug":"phim-le","position":1},"movie_genre":[],"country":{"id":1,"title":"Vi\u1ec7t Nam","description":"Phim Vi\u1ec7t Nam c\u1eadp nh\u1eadt nhanh nh\u1ea5t","status":1,"slug":"viet-nam"},"genre":{"id":1,"title":"H\u00e0nh \u0110\u1ed9ng","description":"Phim h\u00e0nh \u0111\u1ed9ng c\u1eadp nh\u1eadt nhanh nh\u1ea5t","status":1,"slug":"hanh-dong"}},{"id":17,"title":"SI\u00caU NH\u00c2N\/NG\u01af\u1edcI D\u01a0I \u0110\u1ea0I CHI\u1ebeN: K\u1eba TH\u00d9 QU\u1ed0C GIA","thoiluong":"","description":"Si\u00eau Nh\u00e2n\/Ng\u01b0\u1eddi D\u01a1i \u0110\u1ea1i Chi\u1ebfn: K\u1ebb Th\u00f9 Qu\u1ed1c Gia, Superman\/Batman: Public Enemies 2009 T\u1eadp HD Vietsub\r\nSuperman\/Batman: Public Enemies l\u00e0 b\u1ed9 phim ho\u1ea1t h\u00ecnh v\u1ec1 Ng\u01b0\u1eddi D\u01a1i v\u00e0 Si\u00eau Nh\u00e2n. Trong ph\u1ea7n n\u00e0y, n\u00f3i v\u1ec1 cu\u1ed9c chi\u1ebfn c\u1ee7a h\u1ecd khi Lex Luthor \u0111\u01b0\u1ee3c b\u1ea7u l\u00e0m T\u1ed5ng th\u1ed1ng M\u1ef9, \u00f4ng \u0111\u00e3 c\u00e1o bu\u1ed9c Superman l\u00e0 k\u1ebb th\u00f9, bu\u1ed9c Superman l\u00e0m sao \u0111\u1ec3 ph\u00e1 v\u1ee1 sao b\u0103ng Kryptonite chu\u1ea9n b\u1ecb \u0111\u00e2m v\u00e0o tr\u00e1i \u0111\u1ea5t. Superman s\u1ebd h\u00e0nh \u0111\u1ed9ng th\u1ebf n\u00e0o?","status":1,"image":"sieu-nhan-nguoi-doi-dai-chien-ke-thu-quoc-gia8833.jpg","slug":"sieu-nhannguoi-doi-dai-chien-ke-thu-quoc-gia","category_id":2,"thuocphim":"phimle","genre_id":1,"country_id":1,"phim_hot":1,"resolution":0,"name_eng":"","phude":0,"season":0,"ngaytao":null,"ngaycapnhat":null,"year":null,"tags":null,"topview":null,"trailer":null,"sotap":0,"category":{"id":2,"title":"Phim L\u1ebb","description":"Phim l\u1ebb c\u1eadp nh\u1eadt h\u1eb1ng ng\u00e0y","status":1,"slug":"phim-le","position":1},"movie_genre":[],"country":{"id":1,"title":"Vi\u1ec7t Nam","description":"Phim Vi\u1ec7t Nam c\u1eadp nh\u1eadt nhanh nh\u1ea5t","status":1,"slug":"viet-nam"},"genre":{"id":1,"title":"H\u00e0nh \u0110\u1ed9ng","description":"Phim h\u00e0nh \u0111\u1ed9ng c\u1eadp nh\u1eadt nhanh nh\u1ea5t","status":1,"slug":"hanh-dong"}},{"id":16,"title":"TH\u1edcI \u0110\u1ea0I MA PH\u00c1P","thoiluong":null,"description":"Th\u1eddi \u0111\u1ea1i Ma Ph\u00e1p, Mahouka Koukou no Rettousei: Raihousha-hen | The Irregular at Magic High School: Visitor Arc 2020 T\u1eadp 13 HD Vietsub\r\nTh\u1eddi \u0111\u1ea1i Ma Ph\u00e1p - Mahouka Koukou No Rettousei: Raihousha-hen | The Irregular At Magic High School: Visitor Arc, Mahouka Koukou No Rettousei: Raihousha-hen | The Irregular At Magic High School: Visitor Arc 2020","status":1,"image":"thoi-dai-ma-phap9960.jpg","slug":"thoi-dai-ma-phap","category_id":5,"thuocphim":"phimbo","genre_id":5,"country_id":4,"phim_hot":0,"resolution":0,"name_eng":"power","phude":0,"season":0,"ngaytao":null,"ngaycapnhat":"2022-04-22 21:09:27","year":null,"tags":null,"topview":null,"trailer":null,"sotap":1,"category":{"id":5,"title":"Phim Ho\u1ea1t H\u00ecnh","description":"Phim ho\u1ea1t h\u00ecnh c\u1eadp nh\u1eadt nhanh nh\u1ea5t","status":1,"slug":"phim-hoat-hinh","position":4},"movie_genre":[{"id":4,"title":"L\u00e3ng M\u1ea1n","description":"Phim l\u00e3ng m\u1ea1n c\u1eadp nh\u1eadt nhanh nh\u1ea5t","status":1,"slug":"lang-man","pivot":{"movie_id":16,"genre_id":4}},{"id":5,"title":"Vi\u1ec5n T\u01b0\u1edfng","description":"Phim vi\u1ec5n t\u01b0\u1edfng c\u1eadp nh\u1eadt nhanh nh\u1ea5t","status":1,"slug":"vien-tuong","pivot":{"movie_id":16,"genre_id":5}}],"country":{"id":4,"title":"Nh\u1eadt B\u1ea3n","description":"Phim Nh\u1eadt B\u1ea3n c\u1eadp nh\u1eadt nhanh nh\u1ea5t","status":1,"slug":"nhat-ban"},"genre":{"id":5,"title":"Vi\u1ec5n T\u01b0\u1edfng","description":"Phim vi\u1ec5n t\u01b0\u1edfng c\u1eadp nh\u1eadt nhanh nh\u1ea5t","status":1,"slug":"vien-tuong"}},{"id":15,"title":"Ng\u01b0\u1eddi Nh\u1ec7n: Kh\u00f4ng c\u00f2n nh\u00e0","thoiluong":"","description":"Ng\u01b0\u1eddi Nh\u1ec7n: Kh\u00f4ng C\u00f2n Nh\u00e0, Spider-Man: No Way Home 2021 CAM Vietsub + Thuy\u1ebft minh\r\nNg\u01b0\u1eddi Nh\u1ec7n: Kh\u00f4ng C\u00f2n Nh\u00e0 - Spider-Man: No Way Home, Spider-Man: No Way Home 2021 CAM V\u1edbi Danh T\u00ednh C\u1ee7a Ng\u01b0\u1eddi Nh\u1ec7n Gi\u1edd \u0111\u00e3 \u0111\u01b0\u1ee3c Ti\u1ebft L\u1ed9, Peter Nh\u1edd Doctor Strange Gi\u00fap \u0111\u1ee1. Khi M\u1ed9t C\u00e2u Th\u1ea7n Ch\u00fa B\u1ecb Sai, Nh\u1eefng K\u1ebb Th\u00f9 Nguy Hi\u1ec3m T\u1eeb C\u00e1c Th\u1ebf Gi\u1edbi Kh\u00e1c B\u1eaft \u0111\u1ea7u Xu\u1ea5t Hi\u1ec7n, Bu\u1ed9c Peter Ph\u1ea3i Kh\u00e1m Ph\u00e1 Ra \u00fd Ngh\u0129a Th\u1ef1c S\u1ef1 C\u1ee7a Vi\u1ec7c Tr\u1edf Th\u00e0nh Ng\u01b0\u1eddi Nh\u1ec7n.","status":1,"image":"nguoi-nhen-khong-con-nha-58642-thumbnail-250x3504352.jpg","slug":"nguoi-nhen-khong-con-nha","category_id":2,"thuocphim":"phimle","genre_id":1,"country_id":1,"phim_hot":1,"resolution":0,"name_eng":"Spider-Man: No Way Home (2021)","phude":0,"season":0,"ngaytao":null,"ngaycapnhat":null,"year":null,"tags":null,"topview":null,"trailer":null,"sotap":0,"category":{"id":2,"title":"Phim L\u1ebb","description":"Phim l\u1ebb c\u1eadp nh\u1eadt h\u1eb1ng ng\u00e0y","status":1,"slug":"phim-le","position":1},"movie_genre":[],"country":{"id":1,"title":"Vi\u1ec7t Nam","description":"Phim Vi\u1ec7t Nam c\u1eadp nh\u1eadt nhanh nh\u1ea5t","status":1,"slug":"viet-nam"},"genre":{"id":1,"title":"H\u00e0nh \u0110\u1ed9ng","description":"Phim h\u00e0nh \u0111\u1ed9ng c\u1eadp nh\u1eadt nhanh nh\u1ea5t","status":1,"slug":"hanh-dong"}},{"id":14,"title":"HUY\u1ec0N THO\u1ea0I GAME TH\u1ee6","thoiluong":"","description":"Huy\u1ec1n Tho\u1ea1i Game Th\u1ee7, No Game, No Life 2015 T\u1eadp 12 \/ 12 HD Vietsub\r\nHai anh em Sora & Shiro t\u1ea1o n\u00ean huy\u1ec1n tho\u1ea1i game th\u1ee7 v\u1edbi th\u00e0nh t\u00edch qu\u00e1n qu\u00e2n trong t\u1ea5t c\u1ea3 b\u1ea3ng x\u1ebfp h\u1ea1ng game d\u01b0\u1edbi c\u00e1i t\u00ean Kuhaku hay c\u00f2n \u0111\u01b0\u1ee3c g\u1ecdi l\u00e0 Blank. B\u01b0\u1edbc ra kh\u1ecfi th\u1ebf gi\u1edbi \u1ea3o, h\u1ecd l\u00e0 nh\u1eefng NEET ch\u00ednh hi\u1ec7u, kh\u00f4ng vi\u1ec7c l\u00e0m, kh\u00f4ng \u0103n h\u1ecdc, c\u00e1ch ly v\u00e0 s\u1ee3 ti\u1ebfp x\u00fac v\u1edbi b\u00ean ngo\u00e0i, lu\u00f4n ngh\u0129 m\u00ecnh sinh nh\u1ea7m th\u1ebf gi\u1edbi. M\u1ed9t ng\u00e0y n\u1ecd, c\u00f3 1 t\u00ean k\u00ec l\u1ea1 t\u1ef1 cho m\u00ecnh l\u00e0 th\u1ea7n (T\u00ean: Tet, l\u00e0 1 v\u1ecb th\u1ea7n t\u1ed1i cao) \u0111\u00e3 h\u1ecfi 1 c\u00e2u h\u1ecfi k\u00ec l\u1ea1 \"2 ng\u01b0\u1eddi mu\u1ed1n v\u00e0o 1 th\u1ebf gi\u1edbi ch\u1ec9 \u0111\u1ecbnh \u0111o\u1ea1t b\u1eb1ng game? n\u1ebfu n\u00f3 th\u1ef1c s\u1ef1 t\u1ed3n t\u1ea1i? \" v\u00e0 \u0111\u01b0a 2 anh em \u0111\u01b0\u1ee3c \u0111\u01b0a t\u1edbi m\u1ed9t th\u1ebf gi\u1edbi kh\u00e1c - m\u1ed9t n\u01a1i m\u00e0 m\u1ecdi th\u1ee9 \u0111\u1ec1u \u0111\u01b0\u1ee3c quy\u1ebft \u0111\u1ecbnh b\u1edfi game, t\u1eeb c\u00e1c d\u1ee5ng c\u1ee5, ti\u1ec1n t\u1ec7, qu\u1ed1c gia th\u1eadm ch\u00ed l\u00e0 c\u1ea3 m\u1ea1ng s\u1ed1ng \u0111\u1ec1u quy\u1ebft \u0111\u1ecbnh qua game. Khi t\u1edbi \u0111\u00e2y m\u1ee5c ti\u00eau duy nh\u1ea5t c\u1ee7a 2 anh em h\u1ecd ch\u1ec9 l\u00e0: \u0111\u00e1nh b\u1ea1i 16 t\u1ed9c -\u0111o\u1ea1t l\u1ea5y qu\u00e2n c\u1edd ch\u1ee7ng t\u1ed9c (l\u00e0 th\u1ee9 c\u1ed1t l\u00f5i c\u1ee7a 1 qu\u1ed1c gia n\u01a1i \u0111\u00e2y) \u0111\u1ec3 th\u00e1ch \u0111\u1ea5u v\u1edbi Tet.","status":1,"image":"huyen-thoai-game-thu-60196-thumbnail4006.jpg","slug":"huyen-thoai-game-thu","category_id":2,"thuocphim":"phimbo","genre_id":1,"country_id":1,"phim_hot":1,"resolution":0,"name_eng":"","phude":0,"season":0,"ngaytao":null,"ngaycapnhat":null,"year":null,"tags":null,"topview":null,"trailer":null,"sotap":0,"category":{"id":2,"title":"Phim L\u1ebb","description":"Phim l\u1ebb c\u1eadp nh\u1eadt h\u1eb1ng ng\u00e0y","status":1,"slug":"phim-le","position":1},"movie_genre":[],"country":{"id":1,"title":"Vi\u1ec7t Nam","description":"Phim Vi\u1ec7t Nam c\u1eadp nh\u1eadt nhanh nh\u1ea5t","status":1,"slug":"viet-nam"},"genre":{"id":1,"title":"H\u00e0nh \u0110\u1ed9ng","description":"Phim h\u00e0nh \u0111\u1ed9ng c\u1eadp nh\u1eadt nhanh nh\u1ea5t","status":1,"slug":"hanh-dong"}},{"id":13,"title":"SI\u00caU NH\u00c2N\/NG\u01af\u1edcI D\u01a0I \u0110\u1ea0I CHI\u1ebeN: K\u1eba TH\u00d9 QU\u1ed0C GIA","thoiluong":"","description":"Si\u00eau Nh\u00e2n\/Ng\u01b0\u1eddi D\u01a1i \u0110\u1ea1i Chi\u1ebfn: K\u1ebb Th\u00f9 Qu\u1ed1c Gia, Superman\/Batman: Public Enemies 2009 T\u1eadp HD Vietsub\r\nSuperman\/Batman: Public Enemies l\u00e0 b\u1ed9 phim ho\u1ea1t h\u00ecnh v\u1ec1 Ng\u01b0\u1eddi D\u01a1i v\u00e0 Si\u00eau Nh\u00e2n. Trong ph\u1ea7n n\u00e0y, n\u00f3i v\u1ec1 cu\u1ed9c chi\u1ebfn c\u1ee7a h\u1ecd khi Lex Luthor \u0111\u01b0\u1ee3c b\u1ea7u l\u00e0m T\u1ed5ng th\u1ed1ng M\u1ef9, \u00f4ng \u0111\u00e3 c\u00e1o bu\u1ed9c Superman l\u00e0 k\u1ebb th\u00f9, bu\u1ed9c Superman l\u00e0m sao \u0111\u1ec3 ph\u00e1 v\u1ee1 sao b\u0103ng Kryptonite chu\u1ea9n b\u1ecb \u0111\u00e2m v\u00e0o tr\u00e1i \u0111\u1ea5t. Superman s\u1ebd h\u00e0nh \u0111\u1ed9ng th\u1ebf n\u00e0o?","status":1,"image":"sieu-nhan-nguoi-doi-dai-chien-ke-thu-quoc-gia8833.jpg","slug":"sieu-nhannguoi-doi-dai-chien-ke-thu-quoc-gia","category_id":5,"thuocphim":"phimle","genre_id":1,"country_id":2,"phim_hot":0,"resolution":0,"name_eng":"","phude":0,"season":0,"ngaytao":null,"ngaycapnhat":null,"year":null,"tags":null,"topview":null,"trailer":null,"sotap":0,"category":{"id":5,"title":"Phim Ho\u1ea1t H\u00ecnh","description":"Phim ho\u1ea1t h\u00ecnh c\u1eadp nh\u1eadt nhanh nh\u1ea5t","status":1,"slug":"phim-hoat-hinh","position":4},"movie_genre":[],"country":{"id":2,"title":"M\u1ef9","description":"Phim M\u1ef9 c\u1eadp nh\u1eadt h\u1eb1ng ng\u00e0y","status":1,"slug":"my"},"genre":{"id":1,"title":"H\u00e0nh \u0110\u1ed9ng","description":"Phim h\u00e0nh \u0111\u1ed9ng c\u1eadp nh\u1eadt nhanh nh\u1ea5t","status":1,"slug":"hanh-dong"}},{"id":12,"title":"TH\u1edcI \u0110\u1ea0I MA PH\u00c1P","thoiluong":"","description":"Th\u1eddi \u0111\u1ea1i Ma Ph\u00e1p, Mahouka Koukou no Rettousei: Raihousha-hen | The Irregular at Magic High School: Visitor Arc 2020 T\u1eadp 13 HD Vietsub\r\nTh\u1eddi \u0111\u1ea1i Ma Ph\u00e1p - Mahouka Koukou No Rettousei: Raihousha-hen | The Irregular At Magic High School: Visitor Arc, Mahouka Koukou No Rettousei: Raihousha-hen | The Irregular At Magic High School: Visitor Arc 2020","status":1,"image":"thoi-dai-ma-phap9960.jpg","slug":"thoi-dai-ma-phap","category_id":5,"thuocphim":"phimle","genre_id":5,"country_id":4,"phim_hot":1,"resolution":0,"name_eng":"thoi-dai-ma-phap","phude":0,"season":0,"ngaytao":null,"ngaycapnhat":null,"year":null,"tags":null,"topview":null,"trailer":null,"sotap":0,"category":{"id":5,"title":"Phim Ho\u1ea1t H\u00ecnh","description":"Phim ho\u1ea1t h\u00ecnh c\u1eadp nh\u1eadt nhanh nh\u1ea5t","status":1,"slug":"phim-hoat-hinh","position":4},"movie_genre":[],"country":{"id":4,"title":"Nh\u1eadt B\u1ea3n","description":"Phim Nh\u1eadt B\u1ea3n c\u1eadp nh\u1eadt nhanh nh\u1ea5t","status":1,"slug":"nhat-ban"},"genre":{"id":5,"title":"Vi\u1ec5n T\u01b0\u1edfng","description":"Phim vi\u1ec5n t\u01b0\u1edfng c\u1eadp nh\u1eadt nhanh nh\u1ea5t","status":1,"slug":"vien-tuong"}},{"id":11,"title":"Ng\u01b0\u1eddi Nh\u1ec7n: Kh\u00f4ng c\u00f2n nh\u00e0","thoiluong":"","description":"Ng\u01b0\u1eddi Nh\u1ec7n: Kh\u00f4ng C\u00f2n Nh\u00e0, Spider-Man: No Way Home 2021 CAM Vietsub + Thuy\u1ebft minh\r\nNg\u01b0\u1eddi Nh\u1ec7n: Kh\u00f4ng C\u00f2n Nh\u00e0 - Spider-Man: No Way Home, Spider-Man: No Way Home 2021 CAM V\u1edbi Danh T\u00ednh C\u1ee7a Ng\u01b0\u1eddi Nh\u1ec7n Gi\u1edd \u0111\u00e3 \u0111\u01b0\u1ee3c Ti\u1ebft L\u1ed9, Peter Nh\u1edd Doctor Strange Gi\u00fap \u0111\u1ee1. Khi M\u1ed9t C\u00e2u Th\u1ea7n Ch\u00fa B\u1ecb Sai, Nh\u1eefng K\u1ebb Th\u00f9 Nguy Hi\u1ec3m T\u1eeb C\u00e1c Th\u1ebf Gi\u1edbi Kh\u00e1c B\u1eaft \u0111\u1ea7u Xu\u1ea5t Hi\u1ec7n, Bu\u1ed9c Peter Ph\u1ea3i Kh\u00e1m Ph\u00e1 Ra \u00fd Ngh\u0129a Th\u1ef1c S\u1ef1 C\u1ee7a Vi\u1ec7c Tr\u1edf Th\u00e0nh Ng\u01b0\u1eddi Nh\u1ec7n.","status":1,"image":"nguoi-nhen-khong-con-nha-58642-thumbnail-250x3504352.jpg","slug":"nguoi-nhen-khong-con-nha","category_id":2,"thuocphim":"phimle","genre_id":1,"country_id":1,"phim_hot":0,"resolution":1,"name_eng":"No way home(2022)","phude":0,"season":0,"ngaytao":null,"ngaycapnhat":null,"year":null,"tags":null,"topview":null,"trailer":null,"sotap":0,"category":{"id":2,"title":"Phim L\u1ebb","description":"Phim l\u1ebb c\u1eadp nh\u1eadt h\u1eb1ng ng\u00e0y","status":1,"slug":"phim-le","position":1},"movie_genre":[],"country":{"id":1,"title":"Vi\u1ec7t Nam","description":"Phim Vi\u1ec7t Nam c\u1eadp nh\u1eadt nhanh nh\u1ea5t","status":1,"slug":"viet-nam"},"genre":{"id":1,"title":"H\u00e0nh \u0110\u1ed9ng","description":"Phim h\u00e0nh \u0111\u1ed9ng c\u1eadp nh\u1eadt nhanh nh\u1ea5t","status":1,"slug":"hanh-dong"}},{"id":10,"title":"HUY\u1ec0N THO\u1ea0I GAME TH\u1ee6","thoiluong":"","description":"Huy\u1ec1n Tho\u1ea1i Game Th\u1ee7, No Game, No Life 2015 T\u1eadp 12 \/ 12 HD Vietsub\r\nHai anh em Sora & Shiro t\u1ea1o n\u00ean huy\u1ec1n tho\u1ea1i game th\u1ee7 v\u1edbi th\u00e0nh t\u00edch qu\u00e1n qu\u00e2n trong t\u1ea5t c\u1ea3 b\u1ea3ng x\u1ebfp h\u1ea1ng game d\u01b0\u1edbi c\u00e1i t\u00ean Kuhaku hay c\u00f2n \u0111\u01b0\u1ee3c g\u1ecdi l\u00e0 Blank. B\u01b0\u1edbc ra kh\u1ecfi th\u1ebf gi\u1edbi \u1ea3o, h\u1ecd l\u00e0 nh\u1eefng NEET ch\u00ednh hi\u1ec7u, kh\u00f4ng vi\u1ec7c l\u00e0m, kh\u00f4ng \u0103n h\u1ecdc, c\u00e1ch ly v\u00e0 s\u1ee3 ti\u1ebfp x\u00fac v\u1edbi b\u00ean ngo\u00e0i, lu\u00f4n ngh\u0129 m\u00ecnh sinh nh\u1ea7m th\u1ebf gi\u1edbi. M\u1ed9t ng\u00e0y n\u1ecd, c\u00f3 1 t\u00ean k\u00ec l\u1ea1 t\u1ef1 cho m\u00ecnh l\u00e0 th\u1ea7n (T\u00ean: Tet, l\u00e0 1 v\u1ecb th\u1ea7n t\u1ed1i cao) \u0111\u00e3 h\u1ecfi 1 c\u00e2u h\u1ecfi k\u00ec l\u1ea1 \"2 ng\u01b0\u1eddi mu\u1ed1n v\u00e0o 1 th\u1ebf gi\u1edbi ch\u1ec9 \u0111\u1ecbnh \u0111o\u1ea1t b\u1eb1ng game? n\u1ebfu n\u00f3 th\u1ef1c s\u1ef1 t\u1ed3n t\u1ea1i? \" v\u00e0 \u0111\u01b0a 2 anh em \u0111\u01b0\u1ee3c \u0111\u01b0a t\u1edbi m\u1ed9t th\u1ebf gi\u1edbi kh\u00e1c - m\u1ed9t n\u01a1i m\u00e0 m\u1ecdi th\u1ee9 \u0111\u1ec1u \u0111\u01b0\u1ee3c quy\u1ebft \u0111\u1ecbnh b\u1edfi game, t\u1eeb c\u00e1c d\u1ee5ng c\u1ee5, ti\u1ec1n t\u1ec7, qu\u1ed1c gia th\u1eadm ch\u00ed l\u00e0 c\u1ea3 m\u1ea1ng s\u1ed1ng \u0111\u1ec1u quy\u1ebft \u0111\u1ecbnh qua game. Khi t\u1edbi \u0111\u00e2y m\u1ee5c ti\u00eau duy nh\u1ea5t c\u1ee7a 2 anh em h\u1ecd ch\u1ec9 l\u00e0: \u0111\u00e1nh b\u1ea1i 16 t\u1ed9c -\u0111o\u1ea1t l\u1ea5y qu\u00e2n c\u1edd ch\u1ee7ng t\u1ed9c (l\u00e0 th\u1ee9 c\u1ed1t l\u00f5i c\u1ee7a 1 qu\u1ed1c gia n\u01a1i \u0111\u00e2y) \u0111\u1ec3 th\u00e1ch \u0111\u1ea5u v\u1edbi Tet.","status":1,"image":"huyen-thoai-game-thu-60196-thumbnail4006.jpg","slug":"huyen-thoai-game-thu","category_id":5,"thuocphim":"phimbo","genre_id":3,"country_id":4,"phim_hot":0,"resolution":0,"name_eng":"","phude":0,"season":0,"ngaytao":null,"ngaycapnhat":null,"year":null,"tags":null,"topview":null,"trailer":null,"sotap":0,"category":{"id":5,"title":"Phim Ho\u1ea1t H\u00ecnh","description":"Phim ho\u1ea1t h\u00ecnh c\u1eadp nh\u1eadt nhanh nh\u1ea5t","status":1,"slug":"phim-hoat-hinh","position":4},"movie_genre":[],"country":{"id":4,"title":"Nh\u1eadt B\u1ea3n","description":"Phim Nh\u1eadt B\u1ea3n c\u1eadp nh\u1eadt nhanh nh\u1ea5t","status":1,"slug":"nhat-ban"},"genre":{"id":3,"title":"H\u00e0i H\u01b0\u1edbc","description":"Phim h\u00e0i h\u01b0\u1edbc c\u1eadp nh\u1eadt h\u1eb1ng ng\u00e0y","status":1,"slug":"hai-huoc"}},{"id":9,"title":"SI\u00caU NH\u00c2N\/NG\u01af\u1edcI D\u01a0I \u0110\u1ea0I CHI\u1ebeN: K\u1eba TH\u00d9 QU\u1ed0C GIA","thoiluong":"","description":"Si\u00eau Nh\u00e2n\/Ng\u01b0\u1eddi D\u01a1i \u0110\u1ea1i Chi\u1ebfn: K\u1ebb Th\u00f9 Qu\u1ed1c Gia, Superman\/Batman: Public Enemies 2009 T\u1eadp HD Vietsub\r\nSuperman\/Batman: Public Enemies l\u00e0 b\u1ed9 phim ho\u1ea1t h\u00ecnh v\u1ec1 Ng\u01b0\u1eddi D\u01a1i v\u00e0 Si\u00eau Nh\u00e2n. Trong ph\u1ea7n n\u00e0y, n\u00f3i v\u1ec1 cu\u1ed9c chi\u1ebfn c\u1ee7a h\u1ecd khi Lex Luthor \u0111\u01b0\u1ee3c b\u1ea7u l\u00e0m T\u1ed5ng th\u1ed1ng M\u1ef9, \u00f4ng \u0111\u00e3 c\u00e1o bu\u1ed9c Superman l\u00e0 k\u1ebb th\u00f9, bu\u1ed9c Superman l\u00e0m sao \u0111\u1ec3 ph\u00e1 v\u1ee1 sao b\u0103ng Kryptonite chu\u1ea9n b\u1ecb \u0111\u00e2m v\u00e0o tr\u00e1i \u0111\u1ea5t. Superman s\u1ebd h\u00e0nh \u0111\u1ed9ng th\u1ebf n\u00e0o?","status":1,"image":"sieu-nhan-nguoi-doi-dai-chien-ke-thu-quoc-gia8833.jpg","slug":"sieu-nhannguoi-doi-dai-chien-ke-thu-quoc-gia","category_id":5,"thuocphim":"phimle","genre_id":1,"country_id":2,"phim_hot":0,"resolution":0,"name_eng":"","phude":0,"season":0,"ngaytao":null,"ngaycapnhat":null,"year":null,"tags":null,"topview":null,"trailer":null,"sotap":0,"category":{"id":5,"title":"Phim Ho\u1ea1t H\u00ecnh","description":"Phim ho\u1ea1t h\u00ecnh c\u1eadp nh\u1eadt nhanh nh\u1ea5t","status":1,"slug":"phim-hoat-hinh","position":4},"movie_genre":[],"country":{"id":2,"title":"M\u1ef9","description":"Phim M\u1ef9 c\u1eadp nh\u1eadt h\u1eb1ng ng\u00e0y","status":1,"slug":"my"},"genre":{"id":1,"title":"H\u00e0nh \u0110\u1ed9ng","description":"Phim h\u00e0nh \u0111\u1ed9ng c\u1eadp nh\u1eadt nhanh nh\u1ea5t","status":1,"slug":"hanh-dong"}},{"id":8,"title":"TH\u1edcI \u0110\u1ea0I MA PH\u00c1P","thoiluong":"","description":"Th\u1eddi \u0111\u1ea1i Ma Ph\u00e1p, Mahouka Koukou no Rettousei: Raihousha-hen | The Irregular at Magic High School: Visitor Arc 2020 T\u1eadp 13 HD Vietsub\r\nTh\u1eddi \u0111\u1ea1i Ma Ph\u00e1p - Mahouka Koukou No Rettousei: Raihousha-hen | The Irregular At Magic High School: Visitor Arc, Mahouka Koukou No Rettousei: Raihousha-hen | The Irregular At Magic High School: Visitor Arc 2020","status":1,"image":"thoi-dai-ma-phap9960.jpg","slug":"thoi-dai-ma-phap","category_id":5,"thuocphim":"phimbo","genre_id":5,"country_id":4,"phim_hot":0,"resolution":0,"name_eng":"","phude":0,"season":0,"ngaytao":null,"ngaycapnhat":null,"year":null,"tags":null,"topview":null,"trailer":null,"sotap":0,"category":{"id":5,"title":"Phim Ho\u1ea1t H\u00ecnh","description":"Phim ho\u1ea1t h\u00ecnh c\u1eadp nh\u1eadt nhanh nh\u1ea5t","status":1,"slug":"phim-hoat-hinh","position":4},"movie_genre":[],"country":{"id":4,"title":"Nh\u1eadt B\u1ea3n","description":"Phim Nh\u1eadt B\u1ea3n c\u1eadp nh\u1eadt nhanh nh\u1ea5t","status":1,"slug":"nhat-ban"},"genre":{"id":5,"title":"Vi\u1ec5n T\u01b0\u1edfng","description":"Phim vi\u1ec5n t\u01b0\u1edfng c\u1eadp nh\u1eadt nhanh nh\u1ea5t","status":1,"slug":"vien-tuong"}},{"id":7,"title":"Ng\u01b0\u1eddi Nh\u1ec7n: Kh\u00f4ng c\u00f2n nh\u00e0","thoiluong":"","description":"Ng\u01b0\u1eddi Nh\u1ec7n: Kh\u00f4ng C\u00f2n Nh\u00e0, Spider-Man: No Way Home 2021 CAM Vietsub + Thuy\u1ebft minh\r\nNg\u01b0\u1eddi Nh\u1ec7n: Kh\u00f4ng C\u00f2n Nh\u00e0 - Spider-Man: No Way Home, Spider-Man: No Way Home 2021 CAM V\u1edbi Danh T\u00ednh C\u1ee7a Ng\u01b0\u1eddi Nh\u1ec7n Gi\u1edd \u0111\u00e3 \u0111\u01b0\u1ee3c Ti\u1ebft L\u1ed9, Peter Nh\u1edd Doctor Strange Gi\u00fap \u0111\u1ee1. Khi M\u1ed9t C\u00e2u Th\u1ea7n Ch\u00fa B\u1ecb Sai, Nh\u1eefng K\u1ebb Th\u00f9 Nguy Hi\u1ec3m T\u1eeb C\u00e1c Th\u1ebf Gi\u1edbi Kh\u00e1c B\u1eaft \u0111\u1ea7u Xu\u1ea5t Hi\u1ec7n, Bu\u1ed9c Peter Ph\u1ea3i Kh\u00e1m Ph\u00e1 Ra \u00fd Ngh\u0129a Th\u1ef1c S\u1ef1 C\u1ee7a Vi\u1ec7c Tr\u1edf Th\u00e0nh Ng\u01b0\u1eddi Nh\u1ec7n.","status":1,"image":"nguoi-nhen-khong-con-nha-58642-thumbnail-250x3504352.jpg","slug":"nguoi-nhen-khong-con-nha","category_id":2,"thuocphim":"phimle","genre_id":1,"country_id":1,"phim_hot":0,"resolution":0,"name_eng":"","phude":0,"season":0,"ngaytao":null,"ngaycapnhat":null,"year":null,"tags":null,"topview":null,"trailer":null,"sotap":0,"category":{"id":2,"title":"Phim L\u1ebb","description":"Phim l\u1ebb c\u1eadp nh\u1eadt h\u1eb1ng ng\u00e0y","status":1,"slug":"phim-le","position":1},"movie_genre":[],"country":{"id":1,"title":"Vi\u1ec7t Nam","description":"Phim Vi\u1ec7t Nam c\u1eadp nh\u1eadt nhanh nh\u1ea5t","status":1,"slug":"viet-nam"},"genre":{"id":1,"title":"H\u00e0nh \u0110\u1ed9ng","description":"Phim h\u00e0nh \u0111\u1ed9ng c\u1eadp nh\u1eadt nhanh nh\u1ea5t","status":1,"slug":"hanh-dong"}},{"id":6,"title":"HUY\u1ec0N THO\u1ea0I GAME TH\u1ee6","thoiluong":"","description":"Huy\u1ec1n Tho\u1ea1i Game Th\u1ee7, No Game, No Life 2015 T\u1eadp 12 \/ 12 HD Vietsub\r\nHai anh em Sora & Shiro t\u1ea1o n\u00ean huy\u1ec1n tho\u1ea1i game th\u1ee7 v\u1edbi th\u00e0nh t\u00edch qu\u00e1n qu\u00e2n trong t\u1ea5t c\u1ea3 b\u1ea3ng x\u1ebfp h\u1ea1ng game d\u01b0\u1edbi c\u00e1i t\u00ean Kuhaku hay c\u00f2n \u0111\u01b0\u1ee3c g\u1ecdi l\u00e0 Blank. B\u01b0\u1edbc ra kh\u1ecfi th\u1ebf gi\u1edbi \u1ea3o, h\u1ecd l\u00e0 nh\u1eefng NEET ch\u00ednh hi\u1ec7u, kh\u00f4ng vi\u1ec7c l\u00e0m, kh\u00f4ng \u0103n h\u1ecdc, c\u00e1ch ly v\u00e0 s\u1ee3 ti\u1ebfp x\u00fac v\u1edbi b\u00ean ngo\u00e0i, lu\u00f4n ngh\u0129 m\u00ecnh sinh nh\u1ea7m th\u1ebf gi\u1edbi. M\u1ed9t ng\u00e0y n\u1ecd, c\u00f3 1 t\u00ean k\u00ec l\u1ea1 t\u1ef1 cho m\u00ecnh l\u00e0 th\u1ea7n (T\u00ean: Tet, l\u00e0 1 v\u1ecb th\u1ea7n t\u1ed1i cao) \u0111\u00e3 h\u1ecfi 1 c\u00e2u h\u1ecfi k\u00ec l\u1ea1 \"2 ng\u01b0\u1eddi mu\u1ed1n v\u00e0o 1 th\u1ebf gi\u1edbi ch\u1ec9 \u0111\u1ecbnh \u0111o\u1ea1t b\u1eb1ng game? n\u1ebfu n\u00f3 th\u1ef1c s\u1ef1 t\u1ed3n t\u1ea1i? \" v\u00e0 \u0111\u01b0a 2 anh em \u0111\u01b0\u1ee3c \u0111\u01b0a t\u1edbi m\u1ed9t th\u1ebf gi\u1edbi kh\u00e1c - m\u1ed9t n\u01a1i m\u00e0 m\u1ecdi th\u1ee9 \u0111\u1ec1u \u0111\u01b0\u1ee3c quy\u1ebft \u0111\u1ecbnh b\u1edfi game, t\u1eeb c\u00e1c d\u1ee5ng c\u1ee5, ti\u1ec1n t\u1ec7, qu\u1ed1c gia th\u1eadm ch\u00ed l\u00e0 c\u1ea3 m\u1ea1ng s\u1ed1ng \u0111\u1ec1u quy\u1ebft \u0111\u1ecbnh qua game. Khi t\u1edbi \u0111\u00e2y m\u1ee5c ti\u00eau duy nh\u1ea5t c\u1ee7a 2 anh em h\u1ecd ch\u1ec9 l\u00e0: \u0111\u00e1nh b\u1ea1i 16 t\u1ed9c -\u0111o\u1ea1t l\u1ea5y qu\u00e2n c\u1edd ch\u1ee7ng t\u1ed9c (l\u00e0 th\u1ee9 c\u1ed1t l\u00f5i c\u1ee7a 1 qu\u1ed1c gia n\u01a1i \u0111\u00e2y) \u0111\u1ec3 th\u00e1ch \u0111\u1ea5u v\u1edbi Tet.","status":1,"image":"huyen-thoai-game-thu-60196-thumbnail4006.jpg","slug":"huyen-thoai-game-thu","category_id":5,"thuocphim":"phimle","genre_id":3,"country_id":4,"phim_hot":0,"resolution":0,"name_eng":"","phude":0,"season":0,"ngaytao":null,"ngaycapnhat":null,"year":null,"tags":null,"topview":null,"trailer":null,"sotap":0,"category":{"id":5,"title":"Phim Ho\u1ea1t H\u00ecnh","description":"Phim ho\u1ea1t h\u00ecnh c\u1eadp nh\u1eadt nhanh nh\u1ea5t","status":1,"slug":"phim-hoat-hinh","position":4},"movie_genre":[],"country":{"id":4,"title":"Nh\u1eadt B\u1ea3n","description":"Phim Nh\u1eadt B\u1ea3n c\u1eadp nh\u1eadt nhanh nh\u1ea5t","status":1,"slug":"nhat-ban"},"genre":{"id":3,"title":"H\u00e0i H\u01b0\u1edbc","description":"Phim h\u00e0i h\u01b0\u1edbc c\u1eadp nh\u1eadt h\u1eb1ng ng\u00e0y","status":1,"slug":"hai-huoc"}},{"id":5,"title":"SI\u00caU NH\u00c2N\/NG\u01af\u1edcI D\u01a0I \u0110\u1ea0I CHI\u1ebeN: K\u1eba TH\u00d9 QU\u1ed0C GIA","thoiluong":"","description":"Si\u00eau Nh\u00e2n\/Ng\u01b0\u1eddi D\u01a1i \u0110\u1ea1i Chi\u1ebfn: K\u1ebb Th\u00f9 Qu\u1ed1c Gia, Superman\/Batman: Public Enemies 2009 T\u1eadp HD Vietsub\r\nSuperman\/Batman: Public Enemies l\u00e0 b\u1ed9 phim ho\u1ea1t h\u00ecnh v\u1ec1 Ng\u01b0\u1eddi D\u01a1i v\u00e0 Si\u00eau Nh\u00e2n. Trong ph\u1ea7n n\u00e0y, n\u00f3i v\u1ec1 cu\u1ed9c chi\u1ebfn c\u1ee7a h\u1ecd khi Lex Luthor \u0111\u01b0\u1ee3c b\u1ea7u l\u00e0m T\u1ed5ng th\u1ed1ng M\u1ef9, \u00f4ng \u0111\u00e3 c\u00e1o bu\u1ed9c Superman l\u00e0 k\u1ebb th\u00f9, bu\u1ed9c Superman l\u00e0m sao \u0111\u1ec3 ph\u00e1 v\u1ee1 sao b\u0103ng Kryptonite chu\u1ea9n b\u1ecb \u0111\u00e2m v\u00e0o tr\u00e1i \u0111\u1ea5t. Superman s\u1ebd h\u00e0nh \u0111\u1ed9ng th\u1ebf n\u00e0o?","status":1,"image":"sieu-nhan-nguoi-doi-dai-chien-ke-thu-quoc-gia8833.jpg","slug":"sieu-nhannguoi-doi-dai-chien-ke-thu-quoc-gia","category_id":5,"thuocphim":"phimbo","genre_id":1,"country_id":2,"phim_hot":0,"resolution":0,"name_eng":"","phude":0,"season":0,"ngaytao":null,"ngaycapnhat":null,"year":null,"tags":null,"topview":null,"trailer":null,"sotap":0,"category":{"id":5,"title":"Phim Ho\u1ea1t H\u00ecnh","description":"Phim ho\u1ea1t h\u00ecnh c\u1eadp nh\u1eadt nhanh nh\u1ea5t","status":1,"slug":"phim-hoat-hinh","position":4},"movie_genre":[],"country":{"id":2,"title":"M\u1ef9","description":"Phim M\u1ef9 c\u1eadp nh\u1eadt h\u1eb1ng ng\u00e0y","status":1,"slug":"my"},"genre":{"id":1,"title":"H\u00e0nh \u0110\u1ed9ng","description":"Phim h\u00e0nh \u0111\u1ed9ng c\u1eadp nh\u1eadt nhanh nh\u1ea5t","status":1,"slug":"hanh-dong"}},{"id":4,"title":"TH\u1edcI \u0110\u1ea0I MA PH\u00c1P","thoiluong":"","description":"Th\u1eddi \u0111\u1ea1i Ma Ph\u00e1p, Mahouka Koukou no Rettousei: Raihousha-hen | The Irregular at Magic High School: Visitor Arc 2020 T\u1eadp 13 HD Vietsub\r\nTh\u1eddi \u0111\u1ea1i Ma Ph\u00e1p - Mahouka Koukou No Rettousei: Raihousha-hen | The Irregular At Magic High School: Visitor Arc, Mahouka Koukou No Rettousei: Raihousha-hen | The Irregular At Magic High School: Visitor Arc 2020","status":1,"image":"thoi-dai-ma-phap9960.jpg","slug":"thoi-dai-ma-phap","category_id":5,"thuocphim":"phimle","genre_id":5,"country_id":4,"phim_hot":0,"resolution":0,"name_eng":"","phude":0,"season":0,"ngaytao":null,"ngaycapnhat":null,"year":null,"tags":null,"topview":null,"trailer":null,"sotap":0,"category":{"id":5,"title":"Phim Ho\u1ea1t H\u00ecnh","description":"Phim ho\u1ea1t h\u00ecnh c\u1eadp nh\u1eadt nhanh nh\u1ea5t","status":1,"slug":"phim-hoat-hinh","position":4},"movie_genre":[],"country":{"id":4,"title":"Nh\u1eadt B\u1ea3n","description":"Phim Nh\u1eadt B\u1ea3n c\u1eadp nh\u1eadt nhanh nh\u1ea5t","status":1,"slug":"nhat-ban"},"genre":{"id":5,"title":"Vi\u1ec5n T\u01b0\u1edfng","description":"Phim vi\u1ec5n t\u01b0\u1edfng c\u1eadp nh\u1eadt nhanh nh\u1ea5t","status":1,"slug":"vien-tuong"}},{"id":3,"title":"Ng\u01b0\u1eddi Nh\u1ec7n: Kh\u00f4ng c\u00f2n nh\u00e0","thoiluong":"","description":"Ng\u01b0\u1eddi Nh\u1ec7n: Kh\u00f4ng C\u00f2n Nh\u00e0, Spider-Man: No Way Home 2021 CAM Vietsub + Thuy\u1ebft minh\r\nNg\u01b0\u1eddi Nh\u1ec7n: Kh\u00f4ng C\u00f2n Nh\u00e0 - Spider-Man: No Way Home, Spider-Man: No Way Home 2021 CAM V\u1edbi Danh T\u00ednh C\u1ee7a Ng\u01b0\u1eddi Nh\u1ec7n Gi\u1edd \u0111\u00e3 \u0111\u01b0\u1ee3c Ti\u1ebft L\u1ed9, Peter Nh\u1edd Doctor Strange Gi\u00fap \u0111\u1ee1. Khi M\u1ed9t C\u00e2u Th\u1ea7n Ch\u00fa B\u1ecb Sai, Nh\u1eefng K\u1ebb Th\u00f9 Nguy Hi\u1ec3m T\u1eeb C\u00e1c Th\u1ebf Gi\u1edbi Kh\u00e1c B\u1eaft \u0111\u1ea7u Xu\u1ea5t Hi\u1ec7n, Bu\u1ed9c Peter Ph\u1ea3i Kh\u00e1m Ph\u00e1 Ra \u00fd Ngh\u0129a Th\u1ef1c S\u1ef1 C\u1ee7a Vi\u1ec7c Tr\u1edf Th\u00e0nh Ng\u01b0\u1eddi Nh\u1ec7n.","status":1,"image":"nguoi-nhen-khong-con-nha-58642-thumbnail-250x3504352.jpg","slug":"nguoi-nhen-khong-con-nha","category_id":2,"thuocphim":"phimle","genre_id":1,"country_id":1,"phim_hot":1,"resolution":0,"name_eng":"","phude":0,"season":0,"ngaytao":null,"ngaycapnhat":null,"year":null,"tags":null,"topview":null,"trailer":null,"sotap":0,"category":{"id":2,"title":"Phim L\u1ebb","description":"Phim l\u1ebb c\u1eadp nh\u1eadt h\u1eb1ng ng\u00e0y","status":1,"slug":"phim-le","position":1},"movie_genre":[],"country":{"id":1,"title":"Vi\u1ec7t Nam","description":"Phim Vi\u1ec7t Nam c\u1eadp nh\u1eadt nhanh nh\u1ea5t","status":1,"slug":"viet-nam"},"genre":{"id":1,"title":"H\u00e0nh \u0110\u1ed9ng","description":"Phim h\u00e0nh \u0111\u1ed9ng c\u1eadp nh\u1eadt nhanh nh\u1ea5t","status":1,"slug":"hanh-dong"}}]